,Random State,Model,MSE,RMSE
0,352,Elastic Net,301.9713090239,17.3773216873
0,404,Elastic Net,298.6546208795,17.281626685
0,403,Elastic Net,353.1999304608,18.7936140873
0,1000,Elastic Net,390.5039474849,19.7611727254
0,319,Elastic Net,254.461264318,15.9518420353
0,319,Elastic Net,254.461264318,15.9518420353
0,810,Elastic Net,267.1013491022632,16.343235576294653
0,109,Elastic Net,241.78714762553273,15.54950634668293
