,Random State,Model,MSE,RMSE
0,352,ExtraTree,718.7137865409,26.8088378439
0,404,ExtraTree,465.8315325779,21.5831307409
0,403,ExtraTree,713.8828595847,26.7185864069
0,1000,ExtraTree,590.5725230647,24.3016979461
0,319,ExtraTree,763.7142316699,27.635380071
0,319,ExtraTree,705.2489054531,26.5565228419
0,810,ExtraTree,393.30902592573545,19.832020217964065
0,109,ExtraTree,693.989784273733,26.343685852092396
