,Random State,Model,MSE,RMSE
0,352,Neural Network,275.7881437046,16.6068703766
0,404,Neural Network,305.9637693907,17.4918200708
0,403,Neural Network,273.4444948776,16.536157198
0,1000,Neural Network,577.9194151806,24.0399545586
0,319,Neural Network,314.8416962214,17.7437790851
0,319,Neural Network,270.8332847552,16.4570132392
0,810,Neural Network,439.72044268935593,20.969512218679668
