,Random State,Model,MSE,RMSE
0,352,Random Forest,625.30191869,25.0060376447
0,404,Random Forest,654.0578480781,25.5745546995
0,403,Random Forest,731.5076479334,27.0463980584
0,1000,Random Forest,625.1334512861,25.0026688833
0,319,Random Forest,656.1292049245,25.6150191279
0,319,Random Forest,690.2942920365,26.2734522291
0,810,Random Forest,464.3055870477296,21.547751322301117
0,109,Random Forest,540.7659044383544,23.254373877581706
