,Random State,Model,MSE,RMSE
0,352,Ridge,311.2428765417,17.6420768772
0,404,Ridge,306.512093224,17.5074867763
0,403,Ridge,447.8667987952,21.1628636719
0,1000,Ridge,402.3821954885,20.0594664807
0,319,Ridge,268.498924313,16.3859367847
0,319,Ridge,268.498924313,16.3859367847
0,810,Ridge,310.64382172998836,17.625090687142247
