,Random State,Model,MSE,RMSE
0,352,[Stacking] Average,348.2163879428,18.6605570105
0,404,[Stacking] Average,357.4161819423,18.9054537619
0,403,[Stacking] Average,461.1160921858,21.4736138595
0,1000,[Stacking] Average,443.9982712577,21.0712664844
0,319,[Stacking] Average,360.4613827998,18.9858205722
0,319,[Stacking] Average,369.5092025148,19.222622155
0,810,[Stacking] Average,250.68935127505878,15.833172495588457
