,Random State,Model,MSE,RMSE
0,352,[Stacking] Linear Regression,400.4783184084132,20.0119543875258
0,404,[Stacking] Linear Regression,441.8063002426934,21.019188857867313
0,403,[Stacking] Linear Regression,406.1234597883947,20.152505049953337
0,1000,[Stacking] Linear Regression,377.5375487345878,19.43032549224505
0,319,[Stacking] Linear Regression,489.361003515666,22.121505453193414
0,319,[Stacking] Linear Regression,560.6617504461666,23.678297034334346
0,810,[Stacking] Linear Regression,376.7132590765556,19.409102479933367
0,109,[Stacking] Linear Regression,344.92373292258196,18.572122466820584
