,Random State,Model,MSE,RMSE
0,352,[Stacking] Neural Network,375.87614076873325,19.387525390537423
0,404,[Stacking] Neural Network,459.01046924821674,21.424529615564882
0,403,[Stacking] Neural Network,500.34797823813983,22.368459451605958
0,1000,[Stacking] Neural Network,385.8673458881447,19.643506456031336
0,319,[Stacking] Neural Network,627.9161959393448,25.058256043454914
0,319,[Stacking] Neural Network,680.2001952366651,26.080647906765375
0,810,[Stacking] Neural Network,433.02165934866804,20.80917248111198
0,109,[Stacking] Neural Network,318.27046381738955,17.840136317231142
