,Random State,Model,MSE,RMSE
0,352,Gradient Boosting,469.5298902954,21.6686384043
0,404,Gradient Boosting,569.0694013443,23.8551755672
0,403,Gradient Boosting,473.1946181669,21.7530369872
0,1000,Gradient Boosting,600.0535723707,24.4959909449
0,319,Gradient Boosting,766.6320437443,27.6881209862
0,319,Gradient Boosting,766.6320437443,27.6881209862
0,810,Gradient Boosting,295.94094307381295,17.20293414141358
